-- phpMyAdmin SQL Dump
-- version 4.4.15.10
-- https://www.phpmyadmin.net
--
-- Host: localhost
-- Generation Time: Oct 05, 2021 at 02:08 AM
-- Server version: 5.5.68-MariaDB
-- PHP Version: 5.4.16

SET SQL_MODE = "NO_AUTO_VALUE_ON_ZERO";
SET time_zone = "+00:00";


/*!40101 SET @OLD_CHARACTER_SET_CLIENT=@@CHARACTER_SET_CLIENT */;
/*!40101 SET @OLD_CHARACTER_SET_RESULTS=@@CHARACTER_SET_RESULTS */;
/*!40101 SET @OLD_COLLATION_CONNECTION=@@COLLATION_CONNECTION */;
/*!40101 SET NAMES utf8mb4 */;

--
-- Database: `cbobak_qbs181_hospital`
--

-- --------------------------------------------------------

--
-- Table structure for table `Affiliated_With`
--

CREATE TABLE IF NOT EXISTS `Affiliated_With` (
  `Physician` int(11) NOT NULL,
  `Department` int(11) NOT NULL,
  `PrimaryAffiliation` tinyint(1) NOT NULL
) ENGINE=InnoDB DEFAULT CHARSET=latin1;

--
-- Dumping data for table `Affiliated_With`
--

INSERT INTO `Affiliated_With` (`Physician`, `Department`, `PrimaryAffiliation`) VALUES
(1, 1, 1),
(2, 1, 1),
(3, 1, 0),
(3, 2, 1),
(4, 1, 1),
(5, 1, 1),
(6, 2, 1),
(7, 1, 0),
(7, 2, 1),
(8, 1, 1),
(9, 3, 1);

-- --------------------------------------------------------

--
-- Table structure for table `Appointment`
--

CREATE TABLE IF NOT EXISTS `Appointment` (
  `AppointmentID` int(11) NOT NULL,
  `Patient` int(11) NOT NULL,
  `PrepNurse` int(11) DEFAULT NULL,
  `Physician` int(11) NOT NULL,
  `Start` datetime NOT NULL,
  `End` datetime NOT NULL,
  `ExaminationRoom` text NOT NULL
) ENGINE=InnoDB DEFAULT CHARSET=latin1;

--
-- Dumping data for table `Appointment`
--

INSERT INTO `Appointment` (`AppointmentID`, `Patient`, `PrepNurse`, `Physician`, `Start`, `End`, `ExaminationRoom`) VALUES
(10162946, 100000065, 102, 2, '2011-05-16 00:00:00', '2011-05-16 01:51:00', 'C'),
(10883537, 100000073, NULL, 4, '2011-11-05 00:00:00', '2011-11-05 00:53:00', 'C'),
(11266357, 100000093, 101, 1, '2012-09-08 00:00:00', '2012-09-08 00:53:00', 'B'),
(11809244, 100000014, 101, 2, '2008-09-11 00:00:00', '2008-09-11 00:45:00', 'A'),
(11830134, 100000012, 101, 1, '2008-09-02 00:00:00', '2008-09-02 01:53:00', 'A'),
(11885877, 100000019, NULL, 9, '2009-01-07 00:00:00', '2009-01-07 00:32:00', 'B'),
(13070720, 100000011, NULL, 4, '2008-08-15 00:00:00', '2008-08-15 00:49:00', 'C'),
(13216584, 100000001, 101, 1, '2008-04-24 10:00:00', '2008-04-24 11:00:00', 'A'),
(13426575, 100000102, NULL, 4, '2012-12-03 00:00:00', '2012-12-03 01:59:00', 'C'),
(14383223, 100000040, 102, 1, '2010-01-05 00:00:00', '2010-01-05 00:51:00', 'B'),
(14592442, 100000024, NULL, 1, '2009-03-06 00:00:00', '2009-03-06 01:47:00', 'C'),
(14984359, 100000013, 102, 4, '2008-09-20 00:00:00', '2008-09-20 01:37:00', 'C'),
(16931649, 100000076, 103, 1, '2011-12-24 00:00:00', '2011-12-24 01:34:00', 'A'),
(17204212, 100000081, NULL, 9, '2011-12-01 00:00:00', '2011-12-01 01:56:00', 'B'),
(17368819, 100000057, 102, 1, '2010-10-27 00:00:00', '2010-10-27 00:41:00', 'B'),
(17609214, 100000102, 103, 1, '2012-12-03 00:00:00', '2012-12-03 01:36:00', 'A'),
(18484776, 100000031, 103, 1, '2009-07-19 00:00:00', '2009-07-19 00:45:00', 'C'),
(18517906, 100000028, 101, 1, '2009-05-20 00:00:00', '2009-05-20 01:43:00', 'A'),
(18852013, 100000075, 103, 1, '2011-12-15 00:00:00', '2011-12-15 00:35:00', 'B'),
(19098856, 100000101, 102, 1, '2012-11-25 00:00:00', '2012-11-25 01:40:00', 'A'),
(19282348, 100000028, 102, 9, '2009-05-20 00:00:00', '2009-05-20 00:44:00', 'B'),
(20134902, 100000099, NULL, 1, '2012-11-05 00:00:00', '2012-11-05 01:42:00', 'B'),
(20617432, 100000049, NULL, 1, '2010-05-30 00:00:00', '2010-05-30 00:40:00', 'A'),
(21177431, 100000011, 102, 2, '2008-07-22 00:00:00', '2008-07-22 01:57:00', 'C'),
(22093897, 100000051, 102, 4, '2010-06-22 00:00:00', '2010-06-22 00:50:00', 'C'),
(22313021, 100000098, 101, 1, '2012-11-20 00:00:00', '2012-11-20 00:47:00', 'A'),
(22439053, 100000090, 102, 9, '2012-07-22 00:00:00', '2012-07-22 00:41:00', 'B'),
(22580470, 100000054, 101, 2, '2010-11-15 00:00:00', '2010-11-15 01:49:00', 'A'),
(23137976, 100000040, 102, 1, '2010-01-05 00:00:00', '2010-01-05 01:46:00', 'B'),
(23584595, 100000075, 102, 9, '2011-08-23 00:00:00', '2011-08-23 01:53:00', 'A'),
(23685979, 100000085, 101, 9, '2012-05-14 00:00:00', '2012-05-14 00:36:00', 'C'),
(24079247, 100000049, 101, 4, '2010-05-30 00:00:00', '2010-05-30 00:57:00', 'B'),
(24437164, 100000015, 101, 9, '2008-10-05 00:00:00', '2008-10-05 00:51:00', 'B'),
(24447585, 100000028, 103, 1, '2009-05-20 00:00:00', '2009-05-20 00:39:00', 'C'),
(24954676, 100000042, 102, 4, '2010-02-13 00:00:00', '2010-02-13 01:55:00', 'B'),
(25287264, 100000077, 103, 1, '2011-09-30 00:00:00', '2011-09-30 00:45:00', 'A'),
(25397057, 100000086, 101, 1, '2012-03-03 00:00:00', '2012-03-03 01:38:00', 'B'),
(26078203, 100000062, 103, 4, '2011-01-02 00:00:00', '2011-01-02 00:52:00', 'C'),
(26361363, 100000043, 101, 3, '2010-03-11 00:00:00', '2010-03-11 00:41:00', 'A'),
(26418880, 100000091, 101, 1, '2012-06-04 00:00:00', '2012-06-04 01:52:00', 'B'),
(26548913, 100000002, 101, 2, '2008-04-24 10:00:00', '2008-04-24 11:00:00', 'B'),
(26926877, 100000024, 103, 2, '2009-05-03 00:00:00', '2009-05-03 01:52:00', 'A'),
(28476949, 100000025, 102, 2, '2009-06-02 00:00:00', '2009-06-02 00:58:00', 'A'),
(28740031, 100000054, 103, 1, '2010-08-25 00:00:00', '2010-08-25 01:56:00', 'C'),
(28776923, 100000036, 103, 3, '2010-02-07 00:00:00', '2010-02-07 00:38:00', 'B'),
(28919488, 100000058, 102, 2, '2010-11-08 00:00:00', '2010-11-08 01:36:00', 'B'),
(29540920, 100000061, 102, 1, '2010-12-18 00:00:00', '2010-12-18 01:51:00', 'B'),
(29689198, 100000028, 103, 4, '2009-08-20 00:00:00', '2009-08-20 00:51:00', 'C'),
(29742166, 100000073, 102, 2, '2011-06-26 00:00:00', '2011-06-26 00:59:00', 'A'),
(30209983, 100000084, 102, 9, '2012-04-17 00:00:00', '2012-04-17 00:39:00', 'B'),
(30926086, 100000083, 101, 2, '2012-01-06 00:00:00', '2012-01-06 01:34:00', 'C'),
(31279969, 100000058, 101, 9, '2010-11-08 00:00:00', '2010-11-08 00:58:00', 'B'),
(33506584, 100000060, 102, 2, '2010-12-09 00:00:00', '2010-12-09 01:34:00', 'B'),
(33556494, 100000006, 101, 9, '2008-05-12 00:00:00', '2008-05-12 00:32:00', 'B'),
(33666387, 100000098, 102, 1, '2012-10-17 00:00:00', '2012-10-17 01:55:00', 'B'),
(33865288, 100000040, 102, 1, '2010-04-21 00:00:00', '2010-04-21 01:34:00', 'B'),
(34291559, 100000034, NULL, 9, '2009-09-13 00:00:00', '2009-09-13 00:36:00', 'C'),
(36513045, 100000046, 103, 1, '2010-07-25 00:00:00', '2010-07-25 00:36:00', 'B'),
(36549879, 100000001, 102, 1, '2008-04-25 10:00:00', '2008-04-25 11:00:00', 'A'),
(36664714, 100000066, 102, 2, '2011-06-14 00:00:00', '2011-06-14 01:42:00', 'C'),
(36705256, 100000077, NULL, 1, '2011-12-31 00:00:00', '2011-12-31 01:54:00', 'A'),
(36811389, 100000059, 102, 4, '2010-12-02 00:00:00', '2010-12-02 01:30:00', 'C'),
(37529858, 100000068, 102, 2, '2011-07-25 00:00:00', '2011-07-25 01:56:00', 'A'),
(38777992, 100000069, 102, 9, '2011-08-22 00:00:00', '2011-08-22 00:42:00', 'B'),
(39880355, 100000026, 102, 3, '2009-06-27 00:00:00', '2009-06-27 00:58:00', 'B'),
(39954420, 100000057, 101, 1, '2011-01-02 00:00:00', '2011-01-02 01:51:00', 'A'),
(40259937, 100000047, 101, 9, '2010-05-14 00:00:00', '2010-05-14 00:59:00', 'C'),
(40923527, 100000059, 103, 1, '2011-01-29 00:00:00', '2011-01-29 01:39:00', 'C'),
(42816803, 100000009, 103, 2, '2008-07-02 00:00:00', '2008-07-02 01:34:00', 'B'),
(43193486, 100000067, NULL, 1, '2011-03-25 00:00:00', '2011-03-25 00:43:00', 'B'),
(43865060, 100000102, 101, 2, '2012-12-03 00:00:00', '2012-12-03 01:48:00', 'C'),
(43897958, 100000059, 103, 2, '2010-12-02 00:00:00', '2010-12-02 01:53:00', 'B'),
(44470307, 100000017, 102, 3, '2008-12-05 00:00:00', '2008-12-05 01:39:00', 'B'),
(44607398, 100000081, NULL, 1, '2012-03-04 00:00:00', '2012-03-04 00:35:00', 'B'),
(44837339, 100000050, 101, 4, '2010-09-06 00:00:00', '2010-09-06 01:33:00', 'A'),
(45797218, 100000009, 102, 2, '2008-07-02 00:00:00', '2008-07-02 00:30:00', 'C'),
(45803146, 100000101, 101, 1, '2013-01-06 00:00:00', '2013-01-06 01:30:00', 'B'),
(45861201, 100000070, NULL, 1, '2011-09-16 00:00:00', '2011-09-16 01:46:00', 'C'),
(46846589, 100000004, 103, 4, '2008-04-25 10:00:00', '2008-04-25 11:00:00', 'B'),
(47080003, 100000015, 103, 2, '2008-10-23 00:00:00', '2008-10-23 01:56:00', 'B'),
(47155057, 100000044, NULL, 1, '2010-03-20 00:00:00', '2010-03-20 00:56:00', 'B'),
(47830148, 100000025, 103, 2, '2009-04-05 00:00:00', '2009-04-05 00:43:00', 'B'),
(48469594, 100000071, NULL, 1, '2011-09-29 00:00:00', '2011-09-29 00:52:00', 'B'),
(49029614, 100000080, 102, 2, '2012-02-12 00:00:00', '2012-02-12 01:46:00', 'B'),
(49452523, 100000080, 101, 2, '2011-11-22 00:00:00', '2011-11-22 00:38:00', 'A'),
(49704467, 100000029, 103, 1, '2009-06-12 00:00:00', '2009-06-12 01:56:00', 'B'),
(49878204, 100000023, 102, 2, '2009-02-18 00:00:00', '2009-02-18 01:39:00', 'C'),
(50351720, 100000082, 101, 1, '2012-03-11 00:00:00', '2012-03-11 00:32:00', 'A'),
(51110214, 100000023, 101, 4, '2009-02-18 00:00:00', '2009-02-18 01:36:00', 'A'),
(51369726, 100000034, 102, 2, '2009-12-30 00:00:00', '2009-12-30 01:46:00', 'B'),
(51757136, 100000007, 103, 1, '2008-05-24 00:00:00', '2008-05-24 01:47:00', 'C'),
(52061862, 100000022, 101, 3, '2009-04-02 00:00:00', '2009-04-02 00:54:00', 'A'),
(54045145, 100000044, 101, 4, '2010-03-20 00:00:00', '2010-03-20 01:47:00', 'C'),
(54324901, 100000058, 102, 9, '2011-01-17 00:00:00', '2011-01-17 00:31:00', 'A'),
(54418236, 100000033, 103, 1, '2009-12-06 00:00:00', '2009-12-06 00:35:00', 'B'),
(54464337, 100000021, 101, 3, '2009-01-20 00:00:00', '2009-01-20 01:31:00', 'A'),
(55191445, 100000070, 103, 2, '2011-04-29 00:00:00', '2011-04-29 00:32:00', 'A'),
(55820216, 100000097, 101, 1, '2012-11-09 00:00:00', '2012-11-09 01:31:00', 'B'),
(55908357, 100000038, 103, 1, '2010-03-25 00:00:00', '2010-03-25 00:58:00', 'B'),
(56015315, 100000086, 101, 2, '2012-03-03 00:00:00', '2012-03-03 01:30:00', 'A'),
(56046379, 100000039, 103, 1, '2009-12-17 00:00:00', '2009-12-17 00:30:00', 'C'),
(56144773, 100000061, 102, 1, '2010-12-18 00:00:00', '2010-12-18 01:47:00', 'C'),
(56168888, 100000096, 101, 4, '2012-10-31 00:00:00', '2012-10-31 01:45:00', 'C'),
(56214717, 100000087, 103, 9, '2012-06-18 00:00:00', '2012-06-18 01:40:00', 'A'),
(58403470, 100000083, 102, 2, '2012-04-03 00:00:00', '2012-04-03 01:44:00', 'C'),
(58763505, 100000028, 102, 2, '2009-05-20 00:00:00', '2009-05-20 01:53:00', 'B'),
(58928524, 100000061, 101, 1, '2010-12-18 00:00:00', '2010-12-18 00:40:00', 'B'),
(59091419, 100000056, 102, 3, '2010-12-24 00:00:00', '2010-12-24 01:52:00', 'A'),
(59432352, 100000013, 102, 1, '2008-08-30 00:00:00', '2008-08-30 00:56:00', 'A'),
(59871321, 100000004, NULL, 4, '2008-04-26 10:00:00', '2008-04-26 11:00:00', 'C'),
(60197445, 100000041, 101, 1, '2010-01-17 00:00:00', '2010-01-17 00:54:00', 'B'),
(61134857, 100000043, 101, 9, '2010-03-11 00:00:00', '2010-03-11 01:59:00', 'C'),
(61210968, 100000040, 102, 9, '2010-01-05 00:00:00', '2010-01-05 00:39:00', 'B'),
(61998146, 100000032, NULL, 2, '2009-11-19 00:00:00', '2009-11-19 00:40:00', 'C'),
(62707255, 100000056, 103, 4, '2010-10-03 00:00:00', '2010-10-03 01:53:00', 'C'),
(62759537, 100000060, 103, 1, '2011-02-23 00:00:00', '2011-02-23 01:47:00', 'C'),
(62778119, 100000078, 103, 9, '2012-01-16 00:00:00', '2012-01-16 01:43:00', 'B'),
(63222995, 100000037, 102, 3, '2009-11-03 00:00:00', '2009-11-03 00:43:00', 'A'),
(63455360, 100000033, 103, 1, '2009-08-15 00:00:00', '2009-08-15 01:40:00', 'B'),
(63774724, 100000030, 103, 1, '2009-07-01 00:00:00', '2009-07-01 01:42:00', 'B'),
(64949461, 100000062, 103, 2, '2011-03-31 00:00:00', '2011-03-31 01:58:00', 'B'),
(65978859, 100000067, 103, 1, '2011-07-08 00:00:00', '2011-07-08 01:56:00', 'C'),
(66043508, 100000075, 101, 1, '2011-08-23 00:00:00', '2011-08-23 00:42:00', 'B'),
(66410632, 100000006, 103, 1, '2008-05-14 00:00:00', '2008-05-14 00:54:00', 'C'),
(66420470, 100000088, 101, 2, '2012-06-27 00:00:00', '2012-06-27 01:58:00', 'B'),
(66573690, 100000046, 101, 1, '2010-05-02 00:00:00', '2010-05-02 01:33:00', 'B'),
(67052333, 100000074, 102, 3, '2011-11-18 00:00:00', '2011-11-18 00:36:00', 'C'),
(67170422, 100000094, 101, 9, '2012-08-06 00:00:00', '2012-08-06 00:34:00', 'C'),
(67453023, 100000037, 103, 2, '2010-03-07 00:00:00', '2010-03-07 01:41:00', 'C'),
(67610611, 100000063, 101, 2, '2011-04-27 00:00:00', '2011-04-27 00:38:00', 'A'),
(68103809, 100000103, 102, 2, '2013-02-12 00:00:00', '2013-02-12 00:42:00', 'B'),
(68480731, 100000030, 102, 4, '2009-10-02 00:00:00', '2009-10-02 01:35:00', 'C'),
(68694373, 100000103, 103, 9, '2012-12-29 00:00:00', '2012-12-29 01:36:00', 'A'),
(69494835, 100000015, 102, 2, '2008-10-05 00:00:00', '2008-10-05 01:52:00', 'C'),
(69879231, 100000003, 103, 2, '2008-04-26 11:00:00', '2008-04-26 12:00:00', 'C'),
(70185863, 100000053, 103, 1, '2010-10-28 00:00:00', '2010-10-28 00:52:00', 'C'),
(71064626, 100000031, 101, 1, '2009-10-30 00:00:00', '2009-10-30 00:42:00', 'C'),
(71162446, 100000014, 103, 1, '2008-09-11 00:00:00', '2008-09-11 00:45:00', 'A'),
(71391549, 100000039, 102, 1, '2010-04-10 00:00:00', '2010-04-10 00:38:00', 'B'),
(71443044, 100000023, 101, 2, '2009-02-18 00:00:00', '2009-02-18 00:36:00', 'A'),
(71549299, 100000095, 102, 9, '2012-10-19 00:00:00', '2012-10-19 00:49:00', 'A'),
(71772027, 100000073, 101, 1, '2011-06-26 00:00:00', '2011-06-26 00:43:00', 'A'),
(72392845, 100000100, 102, 1, '2012-11-16 00:00:00', '2012-11-16 00:30:00', 'C'),
(72392979, 100000041, 102, 1, '2010-05-08 00:00:00', '2010-05-08 01:36:00', 'B'),
(72572038, 100000009, 101, 1, '2008-07-01 00:00:00', '2008-07-01 01:38:00', 'C'),
(72647456, 100000044, 101, 2, '2010-03-20 00:00:00', '2010-03-20 01:31:00', 'A'),
(73146067, 100000089, 101, 1, '2012-04-27 00:00:00', '2012-04-27 00:51:00', 'B'),
(73295609, 100000056, 103, 1, '2010-10-03 00:00:00', '2010-10-03 01:43:00', 'C'),
(73935339, 100000064, 102, 1, '2011-05-07 00:00:00', '2011-05-07 01:51:00', 'A'),
(73941728, 100000019, 101, 1, '2008-12-09 00:00:00', '2008-12-09 00:32:00', 'C'),
(74484427, 100000062, 103, 3, '2011-01-02 00:00:00', '2011-01-02 01:54:00', 'B'),
(74505778, 100000097, 101, 4, '2012-09-17 00:00:00', '2012-09-17 00:54:00', 'A'),
(75104595, 100000072, 101, 9, '2011-10-18 00:00:00', '2011-10-18 01:41:00', 'B'),
(75289863, 100000079, 103, 1, '2012-02-03 00:00:00', '2012-02-03 01:32:00', 'A'),
(76296140, 100000021, 103, 1, '2009-03-04 00:00:00', '2009-03-04 01:54:00', 'C'),
(76784805, 100000091, 102, 1, '2012-06-04 00:00:00', '2012-06-04 00:59:00', 'B'),
(76805500, 100000053, 101, 1, '2010-07-26 00:00:00', '2010-07-26 00:45:00', 'A'),
(76872197, 100000018, 103, 1, '2008-12-26 00:00:00', '2008-12-26 01:40:00', 'A'),
(76983231, 100000001, NULL, 3, '2008-04-26 12:00:00', '2008-04-26 13:00:00', 'C'),
(77706134, 100000089, NULL, 2, '2012-07-10 00:00:00', '2012-07-10 01:48:00', 'A'),
(77916543, 100000020, 103, 1, '2009-02-03 00:00:00', '2009-02-03 00:30:00', 'C'),
(77962806, 100000102, 102, 2, '2013-01-17 00:00:00', '2013-01-17 00:46:00', 'B'),
(78024689, 100000034, 101, 1, '2009-09-13 00:00:00', '2009-09-13 00:52:00', 'A'),
(78835586, 100000052, 102, 9, '2010-07-08 00:00:00', '2010-07-08 01:57:00', 'A'),
(79533297, 100000035, 101, 1, '2010-01-18 00:00:00', '2010-01-18 01:37:00', 'B'),
(79566036, 100000026, NULL, 4, '2009-04-25 00:00:00', '2009-04-25 01:51:00', 'C'),
(79636471, 100000043, 102, 2, '2010-03-11 00:00:00', '2010-03-11 01:37:00', 'B'),
(79987264, 100000094, 103, 9, '2012-10-02 00:00:00', '2012-10-02 01:56:00', 'B'),
(80046704, 100000014, 102, 1, '2008-09-28 00:00:00', '2008-09-28 00:45:00', 'B'),
(80071798, 100000018, 101, 1, '2008-11-27 00:00:00', '2008-11-27 00:36:00', 'C'),
(80127583, 100000007, NULL, 1, '2008-05-21 00:00:00', '2008-05-21 00:47:00', 'A'),
(80337742, 100000059, 101, 1, '2010-12-02 00:00:00', '2010-12-02 00:54:00', 'A'),
(81797032, 100000044, 101, 2, '2010-07-01 00:00:00', '2010-07-01 01:50:00', 'C'),
(82819452, 100000043, 101, 4, '2010-06-15 00:00:00', '2010-06-15 01:47:00', 'B'),
(83349006, 100000036, 103, 2, '2009-10-11 00:00:00', '2009-10-11 01:31:00', 'C'),
(83636555, 100000042, 103, 9, '2010-02-13 00:00:00', '2010-02-13 00:34:00', 'B'),
(83892451, 100000083, NULL, 2, '2012-01-06 00:00:00', '2012-01-06 01:34:00', 'C'),
(84115136, 100000051, 102, 1, '2010-09-27 00:00:00', '2010-09-27 01:57:00', 'C'),
(84619391, 100000010, 102, 2, '2008-07-12 00:00:00', '2008-07-12 00:49:00', 'A'),
(84696663, 100000100, NULL, 1, '2012-12-28 00:00:00', '2012-12-28 01:49:00', 'C'),
(84729673, 100000020, 101, 1, '2008-12-25 00:00:00', '2008-12-25 01:45:00', 'B'),
(85069014, 100000086, 101, 9, '2012-06-01 00:00:00', '2012-06-01 00:58:00', 'B'),
(86167180, 100000046, NULL, 1, '2010-05-02 00:00:00', '2010-05-02 01:50:00', 'A'),
(86213939, 100000004, 102, 9, '2008-04-27 10:00:00', '2008-04-21 11:00:00', 'A'),
(86278972, 100000091, 101, 1, '2012-08-03 00:00:00', '2012-08-03 00:51:00', 'B'),
(86715898, 100000016, 101, 2, '2008-11-13 00:00:00', '2008-11-13 00:34:00', 'A'),
(87188493, 100000049, 103, 2, '2010-08-30 00:00:00', '2010-08-30 00:55:00', 'B'),
(87374224, 100000042, 101, 3, '2010-05-20 00:00:00', '2010-05-20 00:38:00', 'A'),
(87399574, 100000023, 101, 4, '2009-04-23 00:00:00', '2009-04-23 01:59:00', 'A'),
(87728249, 100000016, 103, 9, '2008-10-21 00:00:00', '2008-10-21 01:32:00', 'B'),
(88011627, 100000077, 102, 3, '2011-09-30 00:00:00', '2011-09-30 01:49:00', 'B'),
(88282620, 100000054, 102, 3, '2010-08-25 00:00:00', '2010-08-25 00:57:00', 'C'),
(88456848, 100000055, 101, 1, '2010-12-13 00:00:00', '2010-12-13 00:33:00', 'B'),
(88596923, 100000080, 102, 1, '2011-11-22 00:00:00', '2011-11-22 00:49:00', 'B'),
(89749270, 100000057, 103, 1, '2010-10-27 00:00:00', '2010-10-27 00:57:00', 'B'),
(89778544, 100000008, 101, 1, '2008-06-20 00:00:00', '2008-06-20 00:52:00', 'B'),
(90060161, 100000029, 101, 2, '2009-06-12 00:00:00', '2009-06-12 01:57:00', 'B'),
(90183537, 100000045, 101, 1, '2010-07-13 00:00:00', '2010-07-13 00:50:00', 'B'),
(90309045, 100000017, 102, 3, '2008-10-30 00:00:00', '2008-10-30 01:55:00', 'B'),
(91562918, 100000099, 102, 1, '2012-12-03 00:00:00', '2012-12-03 01:35:00', 'B'),
(91682049, 100000027, 102, 1, '2009-07-23 00:00:00', '2009-07-23 00:51:00', 'A'),
(92236128, 100000076, NULL, 3, '2011-09-05 00:00:00', '2011-09-05 00:42:00', 'C'),
(92433015, 100000096, 103, 9, '2012-09-09 00:00:00', '2012-09-09 00:32:00', 'B'),
(92495846, 100000010, 102, 1, '2008-07-25 00:00:00', '2008-07-25 01:42:00', 'C'),
(92525157, 100000098, 103, 4, '2012-10-17 00:00:00', '2012-10-17 00:59:00', 'B'),
(93216548, 100000002, 101, 2, '2008-04-27 10:00:00', '2008-04-27 11:00:00', 'B'),
(94909332, 100000103, 101, 4, '2012-12-29 00:00:00', '2012-12-29 00:57:00', 'A'),
(94913300, 100000091, 101, 1, '2012-06-04 00:00:00', '2012-06-04 01:36:00', 'B'),
(94986736, 100000047, 101, 2, '2010-08-03 00:00:00', '2010-08-03 01:40:00', 'C'),
(95127880, 100000085, 101, 1, '2012-02-04 00:00:00', '2012-02-04 00:45:00', 'B'),
(95246100, 100000086, 103, 2, '2012-03-03 00:00:00', '2012-03-03 00:35:00', 'B'),
(95540505, 100000019, 102, 1, '2008-12-09 00:00:00', '2008-12-09 01:54:00', 'A'),
(95631224, 100000091, 101, 1, '2012-06-04 00:00:00', '2012-06-04 00:52:00', 'C'),
(95682465, 100000052, NULL, 3, '2010-10-06 00:00:00', '2010-10-06 01:31:00', 'C'),
(97494259, 100000061, 102, 3, '2011-03-16 00:00:00', '2011-03-16 00:38:00', 'B'),
(97616166, 100000092, 103, 4, '2012-08-14 00:00:00', '2012-08-14 01:35:00', 'C'),
(97616901, 100000023, 102, 9, '2009-02-18 00:00:00', '2009-02-18 01:35:00', 'B'),
(98500094, 100000024, 102, 1, '2009-03-06 00:00:00', '2009-03-06 00:58:00', 'B'),
(98593346, 100000047, 103, 1, '2010-05-14 00:00:00', '2010-05-14 00:46:00', 'C'),
(98962597, 100000065, 103, 1, '2011-02-20 00:00:00', '2011-02-20 01:48:00', 'B'),
(99638595, 100000048, 103, 1, '2010-08-10 00:00:00', '2010-08-10 00:42:00', 'C'),
(99993022, 100000029, 103, 4, '2009-09-04 00:00:00', '2009-09-04 00:44:00', 'B');

-- --------------------------------------------------------

--
-- Table structure for table `Block`
--

CREATE TABLE IF NOT EXISTS `Block` (
  `Floor` int(11) NOT NULL,
  `Code` int(11) NOT NULL
) ENGINE=InnoDB DEFAULT CHARSET=latin1;

--
-- Dumping data for table `Block`
--

INSERT INTO `Block` (`Floor`, `Code`) VALUES
(1, 1),
(1, 2),
(1, 3),
(2, 1),
(2, 2),
(2, 3),
(3, 1),
(3, 2),
(3, 3),
(4, 1),
(4, 2),
(4, 3);

-- --------------------------------------------------------

--
-- Table structure for table `Department`
--

CREATE TABLE IF NOT EXISTS `Department` (
  `DepartmentID` int(11) NOT NULL,
  `Name` text NOT NULL,
  `Head` int(11) NOT NULL
) ENGINE=InnoDB DEFAULT CHARSET=latin1;

--
-- Dumping data for table `Department`
--

INSERT INTO `Department` (`DepartmentID`, `Name`, `Head`) VALUES
(1, 'General Medicine', 4),
(2, 'Surgery', 7),
(3, 'Psychiatry', 9);

-- --------------------------------------------------------

--
-- Table structure for table `Medical_Procedure`
--

CREATE TABLE IF NOT EXISTS `Medical_Procedure` (
  `Code` int(11) NOT NULL,
  `Name` text NOT NULL,
  `Cost` double NOT NULL
) ENGINE=InnoDB DEFAULT CHARSET=latin1;

--
-- Dumping data for table `Medical_Procedure`
--

INSERT INTO `Medical_Procedure` (`Code`, `Name`, `Cost`) VALUES
(1, 'Reverse Rhinopodoplasty', 1500),
(2, 'Obtuse Pyloric Recombobulation', 3750),
(3, 'Folded Demiophtalmectomy', 4500),
(4, 'Complete Walletectomy', 10000),
(5, 'Obfuscated Dermogastrotomy', 4899),
(6, 'Reversible Pancreomyoplasty', 5600),
(7, 'Follicular Demiectomy', 25);

-- --------------------------------------------------------

--
-- Table structure for table `Medication`
--

CREATE TABLE IF NOT EXISTS `Medication` (
  `Code` int(11) NOT NULL,
  `Name` text NOT NULL,
  `Brand` text NOT NULL,
  `Description` text NOT NULL
) ENGINE=InnoDB DEFAULT CHARSET=latin1;

--
-- Dumping data for table `Medication`
--

INSERT INTO `Medication` (`Code`, `Name`, `Brand`, `Description`) VALUES
(1, 'Procrastin-X', 'X', 'N/A'),
(2, 'Thesisin', 'Foo Labs', 'N/A'),
(3, 'Awakin', 'Bar Laboratories', 'N/A'),
(4, 'Crescavitin', 'Baz Industries', 'N/A'),
(5, 'Melioraurin', 'Snafu Pharmaceuticals', 'N/A');

-- --------------------------------------------------------

--
-- Table structure for table `Nurse`
--

CREATE TABLE IF NOT EXISTS `Nurse` (
  `EmployeeID` int(11) NOT NULL,
  `Name` text NOT NULL,
  `Position` text NOT NULL,
  `Registered` tinyint(1) NOT NULL,
  `SSN` int(11) NOT NULL
) ENGINE=InnoDB DEFAULT CHARSET=latin1;

--
-- Dumping data for table `Nurse`
--

INSERT INTO `Nurse` (`EmployeeID`, `Name`, `Position`, `Registered`, `SSN`) VALUES
(101, 'Carla Espinosa', 'Head Nurse', 1, 111111110),
(102, 'Laverne Roberts', 'Nurse', 1, 222222220),
(103, 'Paul Flowers', 'Nurse', 0, 333333330);

-- --------------------------------------------------------

--
-- Table structure for table `On_Call`
--

CREATE TABLE IF NOT EXISTS `On_Call` (
  `Nurse` int(11) NOT NULL,
  `BlockFloor` int(11) NOT NULL,
  `BlockCode` int(11) NOT NULL,
  `Start` datetime NOT NULL,
  `End` datetime NOT NULL
) ENGINE=InnoDB DEFAULT CHARSET=latin1;

--
-- Dumping data for table `On_Call`
--

INSERT INTO `On_Call` (`Nurse`, `BlockFloor`, `BlockCode`, `Start`, `End`) VALUES
(101, 1, 1, '2008-11-04 11:00:00', '2008-11-04 19:00:00'),
(101, 1, 2, '2008-11-04 11:00:00', '2008-11-04 19:00:00'),
(102, 1, 3, '2008-11-04 11:00:00', '2008-11-04 19:00:00'),
(103, 1, 1, '2008-11-04 19:00:00', '2008-11-05 03:00:00'),
(103, 1, 2, '2008-11-04 19:00:00', '2008-11-05 03:00:00'),
(103, 1, 3, '2008-11-04 19:00:00', '2008-11-05 03:00:00');

-- --------------------------------------------------------

--
-- Table structure for table `Patient`
--

CREATE TABLE IF NOT EXISTS `Patient` (
  `SSN` int(11) NOT NULL,
  `Name` text NOT NULL,
  `Address` text NOT NULL,
  `Phone` text NOT NULL,
  `InsuranceID` int(11) NOT NULL,
  `PCP` int(11) NOT NULL
) ENGINE=InnoDB DEFAULT CHARSET=latin1;

--
-- Dumping data for table `Patient`
--

INSERT INTO `Patient` (`SSN`, `Name`, `Address`, `Phone`, `InsuranceID`, `PCP`) VALUES
(100000001, 'John Smith', '42 Foobar Lane', '555-0256', 68476213, 1),
(100000002, 'Grace Ritchie', '37 Snafu Drive', '555-0512', 36546321, 2),
(100000003, 'Random J. Patient', '101 Omgbbq Street', '555-1204', 65465421, 2),
(100000004, 'Dennis Doe', '1100 Foobaz Avenue', '555-2048', 68421879, 3),
(100000005, 'Lauren Blair', '7015 Hickory St.', '555-4744', 72528207, 3),
(100000006, 'Rebecca Carrannante', '3 Orange Court', '555-7601', 46268734, 1),
(100000007, 'Joshua Kellison', '758 Magnolia Dr.', '555-5160', 77026471, 1),
(100000008, 'Joseph Heaton', '739 Plymouth St.', '555-5458', 97770159, 1),
(100000009, 'Scott Gromala', '36 Pineknoll Dr.', '555-8685', 46187109, 3),
(100000010, 'Kira Chaker', '40 Shipley Dr.', '555-4087', 43100991, 3),
(100000011, 'Jesse Spoto', '7284 W. Marvon Lane', '555-6041', 71628229, 2),
(100000012, 'Macaylah Stout', '9807 Woodland St.', '555-6155', 50533877, 3),
(100000013, 'Dryden Goodwin', '8571 Oak Valley Street', '555-6890', 59650663, 1),
(100000014, 'Connor Brown', '30 Manor Station Dr.', '555-9285', 20575434, 3),
(100000015, 'Tyler Eggebraten', '8997 Cherry Court', '555-3778', 91934837, 2),
(100000016, 'Ryan Headley', '8895 Birchwood Lane', '555-1906', 53011230, 3),
(100000017, 'Britta Rockefeller', '318 Lincoln Avenue', '555-3521', 53500903, 3),
(100000018, 'Markie Wishoun', '946 Pennington Street', '555-8778', 46109680, 3),
(100000019, 'Alexandra Carleton', '830 Plymouth Lane', '555-9864', 15095114, 2),
(100000020, 'Jeb Fellows', '73 Bayberry Street', '555-6275', 17098141, 1),
(100000021, 'Justin Weibel', '66 Smith Store Ave.', '555-7668', 60075068, 2),
(100000022, 'Talia Stevens', '846 W. Surrey Ave.', '555-9068', 75589139, 1),
(100000023, 'Lauren Kelly', '7294 Lakeview Rd.', '555-2393', 50910332, 3),
(100000024, 'Natalie Velvin', '518 Constitution St.', '555-6680', 42195664, 1),
(100000025, 'Janell Lodico', '8556 Alderwood St.', '555-9252', 53852232, 1),
(100000026, 'Jordan Franklin', '587 Willow Street', '555-3235', 18727051, 2),
(100000027, 'Andrew Richardson', '477 Selby St.', '555-7190', 56614118, 2),
(100000028, 'Kirsten Platt', '9296 North Prairie St.', '555-3770', 94811290, 3),
(100000029, 'Tristin O''Keefe', '9110 Peg Shop St.', '555-8156', 36125511, 1),
(100000030, 'Sarah Armstrong', '850 Marsh Ave.', '555-3469', 77517192, 1),
(100000031, 'Nathan Fleet', '49 Manor Station Ave.', '555-1499', 94672799, 3),
(100000032, 'Jessica Bartholme', '85 Summerhouse Rd.', '555-6269', 31969617, 2),
(100000033, 'Cory Walter', '8995 East Strawberry Drive', '555-9079', 38183109, 3),
(100000034, 'Channon Temby', '8088 North Garfield Court', '555-7845', 59837486, 3),
(100000035, 'Madelyn Kidd', '7 Courtland St.', '555-3076', 45137233, 2),
(100000036, 'Allison Micallef', '8342 Lyme St.', '555-3303', 90402251, 3),
(100000037, 'Cody Boom', '7276 Fifth Court', '555-1496', 26983961, 3),
(100000038, 'Edward Petree', '678 Shore Dr.', '555-6526', 85595671, 2),
(100000039, 'Alex Yeager', '7905 Sunset St.', '555-2734', 26322933, 3),
(100000040, 'Jessica Davis', '649 Peninsula St.', '555-6088', 57521075, 1),
(100000041, 'Michel Iksanov', '42 Stillwater Street', '555-2985', 76630913, 1),
(100000042, 'Osnat Zabala', '720 West Spruce St.', '555-3914', 40904276, 3),
(100000043, 'Jenna Groves', '3 Arch Drive', '555-5164', 70568311, 1),
(100000044, 'Blake Bullard', '8146 Arnold Lane', '555-7144', 59348580, 3),
(100000045, 'Brooke Hipp', '8296 Cherry Hill Drive', '555-5724', 95243490, 3),
(100000046, 'Marshall Smiley', '9920 Princess Street', '555-2417', 86156970, 1),
(100000047, 'Rachel Morgan', '8852 Galvin Dr.', '555-1082', 33949207, 1),
(100000048, 'Emily Mangin', '644 Ridgewood Street', '555-5343', 35075880, 3),
(100000049, 'Shelby Madeson', '391 Berkshire Dr.', '555-1873', 16810549, 1),
(100000050, 'Nicholas Anhold', '7688 West Lake Dr.', '555-8588', 86368332, 3),
(100000051, 'Mya Jutzi', '47 Cedarwood Avenue', '555-3647', 73091805, 1),
(100000052, 'Bennie Smigelsky', '7148 S. Sherwood Rd.', '555-8880', 36712510, 3),
(100000053, 'Natalie Ryder', '89 S. Bald Hill Lane', '555-1569', 76667450, 3),
(100000054, 'Jeremiah Dufour', '8927 Lake Drive', '555-7098', 55070865, 3),
(100000055, 'Shaye Pierce', '98 Brickyard Court', '555-9617', 52671801, 2),
(100000056, 'Zackary White', '15 North Clinton Drive', '555-9855', 83097646, 2),
(100000057, 'Kaitlin Leinbach', '314 Central Street', '555-9838', 97370068, 2),
(100000058, 'Charlotte Wallbank', '76 Corona Rd.', '555-2953', 95825425, 2),
(100000059, 'Kelly Kiesler', '7828 Woodland St.', '555-1689', 48604167, 1),
(100000060, 'Daniel Jarrell', '762 Mountainview Drive', '555-5638', 39346149, 3),
(100000061, 'Ryan Clay', '96 Henry Smith Street', '555-9188', 41927884, 2),
(100000062, 'Katherine Lull', '9396 Bay Avenue', '555-3043', 90282052, 3),
(100000063, 'Shawn Brown', '90 Rock Creek Dr.', '555-5341', 79733310, 3),
(100000064, 'Ashley Mower', '488 Bald Hill Ave.', '555-1009', 42372363, 1),
(100000065, 'Jacob Alexander', '786 Lake View Drive', '555-4471', 32661603, 1),
(100000066, 'Nina Lesar', '562 East Boston Lane', '555-5309', 83231031, 1),
(100000067, 'William Townsend', '330 Brickell Street', '555-4372', 76827305, 1),
(100000068, 'Erin Larsen', '65 Pendergast Dr.', '555-9668', 60376425, 2),
(100000069, 'Louis Dalby', '8988 Lake Forest St.', '555-5343', 73346765, 1),
(100000070, 'Michael Bascom', '905 Rockland St.', '555-4669', 25593021, 1),
(100000071, 'Katherine Roddy', '9539 Oak Valley St.', '555-8945', 34921223, 2),
(100000072, 'Charles Fraser', '9522 Airport Lane', '555-3152', 86881650, 1),
(100000073, 'Brandee Whetton', '555 Hill Field Court', '555-6678', 71002817, 2),
(100000074, 'Justin Silletto', '9909 Corona Street', '555-8108', 25020957, 2),
(100000075, 'Amber Johnson', '641 Pacific Ave.', '555-1217', 18479250, 3),
(100000076, 'Anthony Ritter', '227 Rock Creek St.', '555-7814', 89352559, 2),
(100000077, 'Matthew Bogart', '7682 Front Street', '555-1745', 61308113, 1),
(100000078, 'Rachel Canovatchel', '9440 Plumb Branch Road', '555-4232', 72460498, 2),
(100000079, 'Stephanie Horn', '8810 E. Prospect St.', '555-9498', 72125302, 2),
(100000080, 'Stephen Malagisi', '764 Lookout Street', '555-1693', 27901934, 1),
(100000081, 'Logan Gordon', '199 West Linden Drive', '555-7878', 22290114, 2),
(100000082, 'Collin Cooper', '272 Foxrun St.', '555-9373', 70235974, 2),
(100000083, 'Aubree Davis', '22 County Street', '555-5449', 37581727, 1),
(100000084, 'Amanda Supon', '790 Bedford Court', '555-7763', 38523069, 1),
(100000085, 'Talon Long', '49 Berkshire St.', '555-2171', 39172402, 2),
(100000086, 'Kayla Lemay', '864 Ryan Circle', '555-5649', 60223453, 1),
(100000087, 'Seferina Howell', '7852 Bishop Street', '555-3942', 46003040, 1),
(100000088, 'Isabella Dodgers', '885 William St.', '555-4788', 90134193, 3),
(100000089, 'Shelbi Ruscitti', '7160 Amherst Ave.', '555-4524', 70571592, 1),
(100000090, 'Richelle Guiney', '870 River Avenue', '555-9880', 25957489, 2),
(100000091, 'Nikola Grange', '8261 Walnutwood St.', '555-6624', 67641761, 1),
(100000092, 'Dakota See', '84 New Road', '555-7508', 54878514, 1),
(100000093, 'Isabelle Twogood', '199 Leeton Ridge Street', '555-5508', 94602335, 2),
(100000094, 'Tiffanie Wilson', '7444 South Elm Dr.', '555-4020', 76594581, 2),
(100000095, 'Ryan Mosinski', '9 Fulton Court', '555-9642', 34938216, 2),
(100000096, 'Kyle Debona', '822 Green Hill Court', '555-1982', 81583996, 3),
(100000097, 'Adrian Goldstein', '216 SW. Sherman Dr.', '555-9036', 20195987, 1),
(100000098, 'Trevor Sedmak', '9714 York Drive', '555-3338', 31779450, 1),
(100000099, 'Lisa Ahrens', '9405 Jackson Dr.', '555-9996', 79701490, 1),
(100000100, 'Paige Johnson', '89 Inverness Ave.', '555-4103', 69036100, 1),
(100000101, 'Austin Plutt', '569 West Helen Ave.', '555-2905', 33320919, 2),
(100000102, 'Jessica Dreiling', '7249 South Beacon Dr.', '555-4675', 69601443, 1),
(100000103, 'Fallon Archer', '7148 Windfall St.', '555-9872', 71390295, 1);

-- --------------------------------------------------------

--
-- Table structure for table `Physician`
--

CREATE TABLE IF NOT EXISTS `Physician` (
  `EmployeeID` int(11) NOT NULL,
  `Name` text NOT NULL,
  `Position` text NOT NULL,
  `SSN` int(11) NOT NULL
) ENGINE=InnoDB DEFAULT CHARSET=latin1;

--
-- Dumping data for table `Physician`
--

INSERT INTO `Physician` (`EmployeeID`, `Name`, `Position`, `SSN`) VALUES
(1, 'John Dorian', 'Staff Internist', 111111111),
(2, 'Elliot Reid', 'Attending Physician', 222222222),
(3, 'Christopher Turk', 'Surgical Attending Physician', 333333333),
(4, 'Percival Cox', 'Senior Attending Physician', 444444444),
(5, 'Bob Kelso', 'Head Chief of Medicine', 555555555),
(6, 'Todd Quinlan', 'Surgical Attending Physician', 666666666),
(7, 'John Wen', 'Surgical Attending Physician', 777777777),
(8, 'Keith Dudemeister', 'MD Resident', 888888888),
(9, 'Molly Clock', 'Attending Psychiatrist', 999999999);

-- --------------------------------------------------------

--
-- Table structure for table `Prescribes`
--

CREATE TABLE IF NOT EXISTS `Prescribes` (
  `Physician` int(11) NOT NULL,
  `Patient` int(11) NOT NULL,
  `Medication` int(11) NOT NULL,
  `Date` datetime NOT NULL,
  `Appointment` int(11) DEFAULT NULL,
  `Dose` int(11) NOT NULL
) ENGINE=InnoDB DEFAULT CHARSET=latin1;

--
-- Dumping data for table `Prescribes`
--

INSERT INTO `Prescribes` (`Physician`, `Patient`, `Medication`, `Date`, `Appointment`, `Dose`) VALUES
(1, 100000001, 1, '2008-04-24 10:47:00', 13216584, 5),
(1, 100000010, 1, '2008-07-24 00:56:00', 92495846, 5),
(1, 100000014, 1, '2008-10-17 01:58:00', 80046704, 10),
(1, 100000018, 5, '2009-01-10 00:32:00', 76872197, 5),
(1, 100000020, 3, '2009-02-13 01:50:00', 77916543, 10),
(1, 100000035, 4, '2009-12-18 01:46:00', 79533297, 10),
(1, 100000039, 5, '2010-03-01 00:48:00', 71391549, 10),
(1, 100000040, 4, '2010-03-29 00:51:00', 33865288, 5),
(1, 100000041, 4, '2010-04-24 01:48:00', 72392979, 10),
(1, 100000045, 1, '2010-06-21 01:50:00', 90183537, 10),
(1, 100000051, 4, '2010-09-07 00:44:00', 84115136, 10),
(1, 100000053, 1, '2010-10-04 00:59:00', 70185863, 5),
(1, 100000055, 5, '2010-11-26 01:50:00', 88456848, 10),
(1, 100000059, 1, '2011-02-12 01:54:00', 40923527, 10),
(1, 100000064, 1, '2011-04-15 00:30:00', 73935339, 5),
(1, 100000067, 3, '2011-06-08 01:34:00', 65978859, 5),
(1, 100000075, 3, '2011-10-16 00:44:00', 18852013, 5),
(1, 100000079, 5, '2011-12-14 00:49:00', 75289863, 10),
(1, 100000081, 3, '2012-02-02 00:36:00', 44607398, 5),
(1, 100000093, 4, '2012-11-05 00:55:00', 11266357, 5),
(1, 100000097, 1, '2013-01-06 01:51:00', 55820216, 5),
(1, 100000099, 3, '2013-02-14 00:48:00', 91562918, 5),
(1, 100000101, 1, '2013-03-16 00:52:00', 45803146, 5),
(2, 100000015, 1, '2008-11-09 01:45:00', 47080003, 10),
(2, 100000016, 5, '2008-11-26 00:32:00', 86715898, 5),
(2, 100000025, 2, '2009-05-28 00:34:00', 28476949, 10),
(2, 100000032, 1, '2009-10-24 01:39:00', 61998146, 5),
(2, 100000034, 3, '2009-11-30 00:31:00', 51369726, 5),
(2, 100000037, 2, '2010-01-24 01:54:00', 67453023, 5),
(2, 100000044, 4, '2010-06-03 01:58:00', 81797032, 5),
(2, 100000065, 1, '2011-05-12 00:41:00', 10162946, 5),
(2, 100000066, 1, '2011-05-21 01:30:00', 36664714, 5),
(2, 100000068, 5, '2011-06-25 00:43:00', 37529858, 5),
(2, 100000080, 3, '2012-01-10 00:54:00', 49029614, 5),
(2, 100000083, 1, '2012-03-13 01:33:00', 58403470, 5),
(2, 100000088, 4, '2012-07-03 01:36:00', 66420470, 5),
(2, 100000103, 2, '2013-05-02 01:49:00', 68103809, 10),
(3, 100000026, 3, '2009-06-27 00:44:00', 39880355, 5),
(3, 100000042, 1, '2010-05-02 01:40:00', 87374224, 10),
(3, 100000052, 3, '2010-09-27 01:40:00', 95682465, 5),
(4, 100000013, 1, '2008-09-26 01:57:00', 14984359, 5),
(4, 100000028, 4, '2009-08-04 00:44:00', 29689198, 5),
(4, 100000029, 1, '2009-08-17 00:36:00', 99993022, 0),
(4, 100000092, 2, '2012-10-18 00:51:00', 97616166, 10),
(4, 100000096, 4, '2012-12-23 01:42:00', 56168888, 10),
(9, 100000004, 2, '2008-04-27 10:53:00', 86213939, 10),
(9, 100000004, 2, '2008-04-30 16:53:00', NULL, 5),
(9, 100000019, 1, '2009-01-18 01:56:00', 11885877, 10),
(9, 100000058, 4, '2011-01-16 00:47:00', 54324901, 5),
(9, 100000078, 1, '2011-12-04 00:45:00', 62778119, 10),
(9, 100000085, 4, '2012-05-10 01:38:00', 23685979, 5),
(9, 100000086, 4, '2012-06-05 00:37:00', 85069014, 5),
(9, 100000090, 1, '2012-08-28 01:46:00', 22439053, 10);

-- --------------------------------------------------------

--
-- Table structure for table `Room`
--

CREATE TABLE IF NOT EXISTS `Room` (
  `Number` int(11) NOT NULL,
  `Type` text NOT NULL,
  `BlockFloor` int(11) NOT NULL,
  `BlockCode` int(11) NOT NULL,
  `Unavailable` tinyint(1) NOT NULL
) ENGINE=InnoDB DEFAULT CHARSET=latin1;

--
-- Dumping data for table `Room`
--

INSERT INTO `Room` (`Number`, `Type`, `BlockFloor`, `BlockCode`, `Unavailable`) VALUES
(101, 'Single', 1, 1, 0),
(102, 'Single', 1, 1, 0),
(103, 'Single', 1, 1, 0),
(111, 'Single', 1, 2, 0),
(112, 'Single', 1, 2, 1),
(113, 'Single', 1, 2, 0),
(121, 'Single', 1, 3, 0),
(122, 'Single', 1, 3, 0),
(123, 'Single', 1, 3, 0),
(201, 'Single', 2, 1, 1),
(202, 'Single', 2, 1, 0),
(203, 'Single', 2, 1, 0),
(211, 'Single', 2, 2, 0),
(212, 'Single', 2, 2, 0),
(213, 'Single', 2, 2, 1),
(221, 'Single', 2, 3, 0),
(222, 'Single', 2, 3, 0),
(223, 'Single', 2, 3, 0),
(301, 'Single', 3, 1, 0),
(302, 'Single', 3, 1, 1),
(303, 'Single', 3, 1, 0),
(311, 'Single', 3, 2, 0),
(312, 'Single', 3, 2, 0),
(313, 'Single', 3, 2, 0),
(321, 'Single', 3, 3, 1),
(322, 'Single', 3, 3, 0),
(323, 'Single', 3, 3, 0),
(401, 'Single', 4, 1, 0),
(402, 'Single', 4, 1, 1),
(403, 'Single', 4, 1, 0),
(411, 'Single', 4, 2, 0),
(412, 'Single', 4, 2, 0),
(413, 'Single', 4, 2, 0),
(421, 'Single', 4, 3, 1),
(422, 'Single', 4, 3, 0),
(423, 'Single', 4, 3, 0);

-- --------------------------------------------------------

--
-- Table structure for table `Stay`
--

CREATE TABLE IF NOT EXISTS `Stay` (
  `StayID` int(11) NOT NULL,
  `Patient` int(11) NOT NULL,
  `Room` int(11) NOT NULL,
  `Start` datetime NOT NULL,
  `End` datetime NOT NULL
) ENGINE=InnoDB DEFAULT CHARSET=latin1;

--
-- Dumping data for table `Stay`
--

INSERT INTO `Stay` (`StayID`, `Patient`, `Room`, `Start`, `End`) VALUES
(3215, 100000001, 111, '2008-05-01 00:00:00', '2008-05-04 00:00:00'),
(3216, 100000003, 123, '2008-05-03 00:00:00', '2008-05-14 00:00:00'),
(3217, 100000004, 112, '2008-05-02 00:00:00', '2008-05-03 00:00:00'),
(3218, 100000005, 101, '2008-05-04 00:00:00', '2008-05-11 00:00:00'),
(3219, 100000006, 112, '2008-05-21 00:00:00', '2008-05-25 00:00:00'),
(3220, 100000007, 221, '2008-06-18 00:00:00', '2008-06-21 00:00:00'),
(3221, 100000008, 302, '2008-07-15 00:00:00', '2008-07-17 00:00:00'),
(3222, 100000009, 222, '2008-08-10 00:00:00', '2008-08-16 00:00:00'),
(3223, 100000010, 222, '2008-08-26 00:00:00', '2008-09-02 00:00:00'),
(3224, 100000011, 311, '2008-09-04 00:00:00', '2008-09-09 00:00:00'),
(3225, 100000012, 302, '2008-09-16 00:00:00', '2008-09-22 00:00:00'),
(3226, 100000013, 121, '2008-10-04 00:00:00', '2008-10-05 00:00:00'),
(3227, 100000014, 302, '2008-10-15 00:00:00', '2008-10-22 00:00:00'),
(3228, 100000015, 313, '2008-10-24 00:00:00', '2008-10-25 00:00:00'),
(3229, 100000016, 313, '2008-11-05 00:00:00', '2008-11-11 00:00:00'),
(3230, 100000017, 211, '2008-11-24 00:00:00', '2008-11-28 00:00:00'),
(3231, 100000018, 303, '2008-12-09 00:00:00', '2008-12-13 00:00:00'),
(3232, 100000019, 321, '2008-12-24 00:00:00', '2008-12-31 00:00:00'),
(3233, 100000020, 122, '2009-01-13 00:00:00', '2009-01-20 00:00:00'),
(3234, 100000021, 203, '2009-01-30 00:00:00', '2009-02-03 00:00:00'),
(3235, 100000022, 301, '2009-02-06 00:00:00', '2009-02-09 00:00:00'),
(3236, 100000023, 101, '2009-02-13 00:00:00', '2009-02-14 00:00:00'),
(3237, 100000024, 221, '2009-03-08 00:00:00', '2009-03-11 00:00:00'),
(3238, 100000025, 123, '2009-03-20 00:00:00', '2009-03-26 00:00:00'),
(3239, 100000026, 201, '2009-04-09 00:00:00', '2009-04-14 00:00:00'),
(3240, 100000027, 203, '2009-05-03 00:00:00', '2009-05-08 00:00:00'),
(3241, 100000028, 222, '2009-05-15 00:00:00', '2009-05-19 00:00:00'),
(3242, 100000029, 121, '2009-05-23 00:00:00', '2009-05-25 00:00:00'),
(3243, 100000030, 201, '2009-06-01 00:00:00', '2009-06-02 00:00:00'),
(3244, 100000031, 202, '2009-06-08 00:00:00', '2009-06-15 00:00:00'),
(3245, 100000032, 313, '2009-06-24 00:00:00', '2009-06-26 00:00:00'),
(3246, 100000033, 311, '2009-07-05 00:00:00', '2009-07-12 00:00:00'),
(3247, 100000034, 201, '2009-07-21 00:00:00', '2009-07-27 00:00:00'),
(3248, 100000035, 111, '2009-08-20 00:00:00', '2009-08-23 00:00:00'),
(3249, 100000036, 123, '2009-09-01 00:00:00', '2009-09-03 00:00:00'),
(3250, 100000037, 313, '2009-09-13 00:00:00', '2009-09-18 00:00:00'),
(3251, 100000038, 101, '2009-10-06 00:00:00', '2009-10-09 00:00:00'),
(3252, 100000039, 301, '2009-10-21 00:00:00', '2009-10-28 00:00:00'),
(3253, 100000040, 121, '2009-11-16 00:00:00', '2009-11-17 00:00:00'),
(3254, 100000041, 321, '2009-12-16 00:00:00', '2009-12-22 00:00:00'),
(3255, 100000042, 202, '2009-12-28 00:00:00', '2010-01-04 00:00:00'),
(3256, 100000043, 223, '2010-01-24 00:00:00', '2010-01-28 00:00:00'),
(3257, 100000044, 221, '2010-02-17 00:00:00', '2010-02-19 00:00:00'),
(3258, 100000045, 111, '2010-03-02 00:00:00', '2010-03-07 00:00:00'),
(3259, 100000046, 102, '2010-03-12 00:00:00', '2010-03-18 00:00:00'),
(3260, 100000047, 103, '2010-03-31 00:00:00', '2010-04-03 00:00:00'),
(3261, 100000048, 313, '2010-04-28 00:00:00', '2010-04-29 00:00:00'),
(3262, 100000049, 221, '2010-05-07 00:00:00', '2010-05-12 00:00:00'),
(3263, 100000050, 222, '2010-05-16 00:00:00', '2010-05-19 00:00:00'),
(3264, 100000051, 121, '2010-06-08 00:00:00', '2010-06-12 00:00:00'),
(3265, 100000052, 321, '2010-07-02 00:00:00', '2010-07-04 00:00:00'),
(3266, 100000053, 303, '2010-07-24 00:00:00', '2010-07-27 00:00:00'),
(3267, 100000054, 123, '2010-08-15 00:00:00', '2010-08-18 00:00:00'),
(3268, 100000055, 223, '2010-09-10 00:00:00', '2010-09-12 00:00:00'),
(3269, 100000056, 122, '2010-09-30 00:00:00', '2010-10-07 00:00:00'),
(3270, 100000057, 321, '2010-10-17 00:00:00', '2010-10-19 00:00:00'),
(3271, 100000058, 112, '2010-10-27 00:00:00', '2010-10-29 00:00:00'),
(3272, 100000059, 311, '2010-11-25 00:00:00', '2010-11-28 00:00:00'),
(3273, 100000060, 321, '2010-12-03 00:00:00', '2010-12-08 00:00:00'),
(3274, 100000061, 111, '2010-12-26 00:00:00', '2010-12-27 00:00:00'),
(3275, 100000062, 212, '2011-01-19 00:00:00', '2011-01-26 00:00:00'),
(3276, 100000063, 221, '2011-02-14 00:00:00', '2011-02-19 00:00:00'),
(3277, 100000064, 103, '2011-03-15 00:00:00', '2011-03-21 00:00:00'),
(3278, 100000065, 122, '2011-04-10 00:00:00', '2011-04-12 00:00:00'),
(3279, 100000066, 303, '2011-05-07 00:00:00', '2011-05-12 00:00:00'),
(3280, 100000067, 123, '2011-05-22 00:00:00', '2011-05-23 00:00:00'),
(3281, 100000068, 122, '2011-06-05 00:00:00', '2011-06-08 00:00:00'),
(3282, 100000069, 121, '2011-06-14 00:00:00', '2011-06-17 00:00:00'),
(3283, 100000070, 111, '2011-06-26 00:00:00', '2011-06-30 00:00:00'),
(3284, 100000071, 211, '2011-07-08 00:00:00', '2011-07-14 00:00:00'),
(3285, 100000072, 211, '2011-07-15 00:00:00', '2011-07-17 00:00:00'),
(3286, 100000073, 112, '2011-08-01 00:00:00', '2011-08-02 00:00:00'),
(3287, 100000074, 212, '2011-08-10 00:00:00', '2011-08-11 00:00:00'),
(3288, 100000075, 311, '2011-08-18 00:00:00', '2011-08-24 00:00:00'),
(3289, 100000076, 222, '2011-09-02 00:00:00', '2011-09-05 00:00:00'),
(3290, 100000077, 222, '2011-09-29 00:00:00', '2011-09-30 00:00:00'),
(3291, 100000078, 301, '2011-10-08 00:00:00', '2011-10-12 00:00:00'),
(3292, 100000079, 203, '2011-10-30 00:00:00', '2011-11-05 00:00:00'),
(3293, 100000080, 122, '2011-11-07 00:00:00', '2011-11-12 00:00:00'),
(3294, 100000081, 111, '2011-11-30 00:00:00', '2011-12-06 00:00:00'),
(3295, 100000082, 112, '2011-12-24 00:00:00', '2011-12-29 00:00:00'),
(3296, 100000083, 223, '2012-01-18 00:00:00', '2012-01-20 00:00:00'),
(3297, 100000084, 321, '2012-02-11 00:00:00', '2012-02-18 00:00:00'),
(3298, 100000085, 201, '2012-02-26 00:00:00', '2012-03-02 00:00:00'),
(3299, 100000086, 202, '2012-03-11 00:00:00', '2012-03-15 00:00:00'),
(3300, 100000087, 203, '2012-04-04 00:00:00', '2012-04-09 00:00:00'),
(3301, 100000088, 121, '2012-04-14 00:00:00', '2012-04-20 00:00:00'),
(3302, 100000089, 301, '2012-05-02 00:00:00', '2012-05-08 00:00:00'),
(3303, 100000090, 103, '2012-05-26 00:00:00', '2012-05-31 00:00:00'),
(3304, 100000091, 212, '2012-06-12 00:00:00', '2012-06-14 00:00:00'),
(3305, 100000092, 212, '2012-06-25 00:00:00', '2012-07-01 00:00:00'),
(3306, 100000093, 121, '2012-07-22 00:00:00', '2012-07-24 00:00:00'),
(3307, 100000094, 122, '2012-08-06 00:00:00', '2012-08-08 00:00:00'),
(3308, 100000095, 202, '2012-08-31 00:00:00', '2012-09-05 00:00:00'),
(3309, 100000096, 203, '2012-09-27 00:00:00', '2012-09-28 00:00:00'),
(3310, 100000097, 222, '2012-10-20 00:00:00', '2012-10-21 00:00:00'),
(3311, 100000098, 303, '2012-11-18 00:00:00', '2012-11-23 00:00:00'),
(3312, 100000099, 222, '2012-12-11 00:00:00', '2012-12-16 00:00:00'),
(3313, 100000100, 103, '2012-12-26 00:00:00', '2012-12-29 00:00:00'),
(3314, 100000101, 202, '2013-01-24 00:00:00', '2013-01-28 00:00:00'),
(3315, 100000102, 202, '2013-02-09 00:00:00', '2013-02-12 00:00:00'),
(3316, 100000103, 302, '2013-03-11 00:00:00', '2013-03-16 00:00:00');

-- --------------------------------------------------------

--
-- Table structure for table `Trained_In`
--

CREATE TABLE IF NOT EXISTS `Trained_In` (
  `Physician` int(11) NOT NULL,
  `Treatment` int(11) NOT NULL,
  `CertificationDate` datetime NOT NULL,
  `CertificationExpires` datetime NOT NULL
) ENGINE=InnoDB DEFAULT CHARSET=latin1;

--
-- Dumping data for table `Trained_In`
--

INSERT INTO `Trained_In` (`Physician`, `Treatment`, `CertificationDate`, `CertificationExpires`) VALUES
(3, 1, '2008-01-01 00:00:00', '2015-12-31 00:00:00'),
(3, 2, '2008-01-01 00:00:00', '2015-12-31 00:00:00'),
(3, 5, '2008-01-01 00:00:00', '2015-12-31 00:00:00'),
(3, 6, '2008-01-01 00:00:00', '2015-12-31 00:00:00'),
(3, 7, '2008-01-01 00:00:00', '2015-12-31 00:00:00'),
(6, 2, '2008-01-01 00:00:00', '2015-12-31 00:00:00'),
(6, 5, '2007-01-01 00:00:00', '2015-12-31 00:00:00'),
(6, 6, '2008-01-01 00:00:00', '2015-12-31 00:00:00'),
(7, 1, '2008-01-01 00:00:00', '2015-12-31 00:00:00'),
(7, 2, '2008-01-01 00:00:00', '2015-12-31 00:00:00'),
(7, 3, '2008-01-01 00:00:00', '2015-12-31 00:00:00'),
(7, 4, '2008-01-01 00:00:00', '2015-12-31 00:00:00'),
(7, 5, '2008-01-01 00:00:00', '2015-12-31 00:00:00'),
(7, 6, '2008-01-01 00:00:00', '2015-12-31 00:00:00'),
(7, 7, '2008-01-01 00:00:00', '2015-12-31 00:00:00');

-- --------------------------------------------------------

--
-- Table structure for table `Undergoes`
--

CREATE TABLE IF NOT EXISTS `Undergoes` (
  `Patient` int(11) NOT NULL,
  `Medical_Procedure` int(11) NOT NULL,
  `Stay` int(11) NOT NULL,
  `Date` datetime NOT NULL,
  `Physician` int(11) NOT NULL,
  `AssistingNurse` int(11) DEFAULT NULL
) ENGINE=InnoDB DEFAULT CHARSET=latin1;

--
-- Dumping data for table `Undergoes`
--

INSERT INTO `Undergoes` (`Patient`, `Medical_Procedure`, `Stay`, `Date`, `Physician`, `AssistingNurse`) VALUES
(100000001, 2, 3215, '2008-05-03 00:00:00', 7, 101),
(100000001, 6, 3215, '2008-05-02 00:00:00', 3, 101),
(100000001, 7, 3217, '2008-05-10 00:00:00', 7, 101),
(100000004, 1, 3217, '2008-05-07 00:00:00', 3, 102),
(100000004, 4, 3217, '2008-05-13 00:00:00', 3, 103),
(100000004, 5, 3217, '2008-05-09 00:00:00', 6, NULL),
(100000028, 1, 3241, '2009-05-19 00:00:00', 7, 102),
(100000037, 2, 3250, '2009-09-17 00:00:00', 7, 101),
(100000037, 2, 3250, '2009-09-18 00:00:00', 3, 102),
(100000043, 1, 3256, '2010-01-27 00:00:00', 7, 101),
(100000046, 1, 3259, '2010-03-15 00:00:00', 3, 101),
(100000050, 1, 3263, '2010-05-17 00:00:00', 3, 103),
(100000054, 1, 3267, '2010-08-18 00:00:00', 7, NULL),
(100000057, 2, 3270, '2010-10-19 00:00:00', 3, 102),
(100000062, 2, 3275, '2011-01-22 00:00:00', 6, 101),
(100000064, 2, 3277, '2011-03-17 00:00:00', 3, 102),
(100000068, 2, 3281, '2011-06-07 00:00:00', 7, 101),
(100000074, 1, 3287, '2011-08-11 00:00:00', 3, 103),
(100000075, 1, 3288, '2011-08-20 00:00:00', 7, NULL),
(100000076, 2, 3289, '2011-09-05 00:00:00', 3, 102),
(100000080, 2, 3293, '2011-11-11 00:00:00', 6, 101),
(100000081, 2, 3294, '2011-12-01 00:00:00', 6, 101),
(100000082, 1, 3295, '2011-12-28 00:00:00', 3, 103),
(100000082, 2, 3295, '2011-12-25 00:00:00', 3, 101),
(100000082, 2, 3295, '2011-12-26 00:00:00', 7, 102),
(100000087, 1, 3300, '2012-04-07 00:00:00', 7, 102),
(100000089, 1, 3302, '2012-05-03 00:00:00', 3, 102),
(100000095, 1, 3308, '2012-09-03 00:00:00', 3, 101),
(100000096, 1, 3309, '2012-09-28 00:00:00', 3, NULL),
(100000099, 1, 3312, '2012-12-11 00:00:00', 7, NULL),
(100000100, 2, 3313, '2012-12-27 00:00:00', 7, 101),
(100000101, 2, 3314, '2013-01-28 00:00:00', 6, 102),
(100000102, 1, 3315, '2013-02-09 00:00:00', 7, 102),
(100000103, 1, 3316, '2013-03-12 00:00:00', 7, NULL),
(100000103, 1, 3316, '2013-03-15 00:00:00', 3, 101);

--
-- Indexes for dumped tables
--

--
-- Indexes for table `Affiliated_With`
--
ALTER TABLE `Affiliated_With`
  ADD PRIMARY KEY (`Physician`,`Department`),
  ADD KEY `Department` (`Department`);

--
-- Indexes for table `Appointment`
--
ALTER TABLE `Appointment`
  ADD PRIMARY KEY (`AppointmentID`),
  ADD KEY `Patient` (`Patient`),
  ADD KEY `PrepNurse` (`PrepNurse`),
  ADD KEY `Physician` (`Physician`);

--
-- Indexes for table `Block`
--
ALTER TABLE `Block`
  ADD PRIMARY KEY (`Floor`,`Code`);

--
-- Indexes for table `Department`
--
ALTER TABLE `Department`
  ADD PRIMARY KEY (`DepartmentID`),
  ADD KEY `Head` (`Head`);

--
-- Indexes for table `Medical_Procedure`
--
ALTER TABLE `Medical_Procedure`
  ADD PRIMARY KEY (`Code`);

--
-- Indexes for table `Medication`
--
ALTER TABLE `Medication`
  ADD PRIMARY KEY (`Code`);

--
-- Indexes for table `Nurse`
--
ALTER TABLE `Nurse`
  ADD PRIMARY KEY (`EmployeeID`);

--
-- Indexes for table `On_Call`
--
ALTER TABLE `On_Call`
  ADD PRIMARY KEY (`Nurse`,`BlockFloor`,`BlockCode`,`Start`,`End`),
  ADD KEY `BlockFloor` (`BlockFloor`,`BlockCode`);

--
-- Indexes for table `Patient`
--
ALTER TABLE `Patient`
  ADD PRIMARY KEY (`SSN`),
  ADD KEY `PCP` (`PCP`);

--
-- Indexes for table `Physician`
--
ALTER TABLE `Physician`
  ADD PRIMARY KEY (`EmployeeID`);

--
-- Indexes for table `Prescribes`
--
ALTER TABLE `Prescribes`
  ADD PRIMARY KEY (`Physician`,`Patient`,`Medication`,`Date`),
  ADD KEY `Patient` (`Patient`),
  ADD KEY `Medication` (`Medication`),
  ADD KEY `Appointment` (`Appointment`);

--
-- Indexes for table `Room`
--
ALTER TABLE `Room`
  ADD PRIMARY KEY (`Number`),
  ADD KEY `BlockFloor` (`BlockFloor`,`BlockCode`);

--
-- Indexes for table `Stay`
--
ALTER TABLE `Stay`
  ADD PRIMARY KEY (`StayID`),
  ADD KEY `Patient` (`Patient`),
  ADD KEY `Room` (`Room`);

--
-- Indexes for table `Trained_In`
--
ALTER TABLE `Trained_In`
  ADD PRIMARY KEY (`Physician`,`Treatment`),
  ADD KEY `Treatment` (`Treatment`);

--
-- Indexes for table `Undergoes`
--
ALTER TABLE `Undergoes`
  ADD PRIMARY KEY (`Patient`,`Medical_Procedure`,`Stay`,`Date`),
  ADD KEY `Medical_Procedure` (`Medical_Procedure`),
  ADD KEY `Stay` (`Stay`),
  ADD KEY `Physician` (`Physician`),
  ADD KEY `AssistingNurse` (`AssistingNurse`);

--
-- Constraints for dumped tables
--

--
-- Constraints for table `Affiliated_With`
--
ALTER TABLE `Affiliated_With`
  ADD CONSTRAINT `Affiliated_With_ibfk_1` FOREIGN KEY (`Physician`) REFERENCES `Physician` (`EmployeeID`),
  ADD CONSTRAINT `Affiliated_With_ibfk_2` FOREIGN KEY (`Department`) REFERENCES `Department` (`DepartmentID`);

--
-- Constraints for table `Appointment`
--
ALTER TABLE `Appointment`
  ADD CONSTRAINT `Appointment_ibfk_1` FOREIGN KEY (`Patient`) REFERENCES `Patient` (`SSN`),
  ADD CONSTRAINT `Appointment_ibfk_2` FOREIGN KEY (`PrepNurse`) REFERENCES `Nurse` (`EmployeeID`),
  ADD CONSTRAINT `Appointment_ibfk_3` FOREIGN KEY (`Physician`) REFERENCES `Physician` (`EmployeeID`);

--
-- Constraints for table `Department`
--
ALTER TABLE `Department`
  ADD CONSTRAINT `Department_ibfk_1` FOREIGN KEY (`Head`) REFERENCES `Physician` (`EmployeeID`);

--
-- Constraints for table `On_Call`
--
ALTER TABLE `On_Call`
  ADD CONSTRAINT `On_Call_ibfk_1` FOREIGN KEY (`Nurse`) REFERENCES `Nurse` (`EmployeeID`),
  ADD CONSTRAINT `On_Call_ibfk_2` FOREIGN KEY (`BlockFloor`, `BlockCode`) REFERENCES `Block` (`Floor`, `Code`);

--
-- Constraints for table `Patient`
--
ALTER TABLE `Patient`
  ADD CONSTRAINT `Patient_ibfk_1` FOREIGN KEY (`PCP`) REFERENCES `Physician` (`EmployeeID`);

--
-- Constraints for table `Prescribes`
--
ALTER TABLE `Prescribes`
  ADD CONSTRAINT `Prescribes_ibfk_1` FOREIGN KEY (`Physician`) REFERENCES `Physician` (`EmployeeID`),
  ADD CONSTRAINT `Prescribes_ibfk_2` FOREIGN KEY (`Patient`) REFERENCES `Patient` (`SSN`),
  ADD CONSTRAINT `Prescribes_ibfk_3` FOREIGN KEY (`Medication`) REFERENCES `Medication` (`Code`),
  ADD CONSTRAINT `Prescribes_ibfk_4` FOREIGN KEY (`Appointment`) REFERENCES `Appointment` (`AppointmentID`);

--
-- Constraints for table `Room`
--
ALTER TABLE `Room`
  ADD CONSTRAINT `Room_ibfk_1` FOREIGN KEY (`BlockFloor`, `BlockCode`) REFERENCES `Block` (`Floor`, `Code`);

--
-- Constraints for table `Stay`
--
ALTER TABLE `Stay`
  ADD CONSTRAINT `Stay_ibfk_1` FOREIGN KEY (`Patient`) REFERENCES `Patient` (`SSN`),
  ADD CONSTRAINT `Stay_ibfk_2` FOREIGN KEY (`Room`) REFERENCES `Room` (`Number`);

--
-- Constraints for table `Trained_In`
--
ALTER TABLE `Trained_In`
  ADD CONSTRAINT `Trained_In_ibfk_1` FOREIGN KEY (`Physician`) REFERENCES `Physician` (`EmployeeID`),
  ADD CONSTRAINT `Trained_In_ibfk_2` FOREIGN KEY (`Treatment`) REFERENCES `Medical_Procedure` (`Code`);

--
-- Constraints for table `Undergoes`
--
ALTER TABLE `Undergoes`
  ADD CONSTRAINT `Undergoes_ibfk_1` FOREIGN KEY (`Patient`) REFERENCES `Patient` (`SSN`),
  ADD CONSTRAINT `Undergoes_ibfk_2` FOREIGN KEY (`Medical_Procedure`) REFERENCES `Medical_Procedure` (`Code`),
  ADD CONSTRAINT `Undergoes_ibfk_3` FOREIGN KEY (`Stay`) REFERENCES `Stay` (`StayID`),
  ADD CONSTRAINT `Undergoes_ibfk_4` FOREIGN KEY (`Physician`) REFERENCES `Physician` (`EmployeeID`),
  ADD CONSTRAINT `Undergoes_ibfk_5` FOREIGN KEY (`AssistingNurse`) REFERENCES `Nurse` (`EmployeeID`);

/*!40101 SET CHARACTER_SET_CLIENT=@OLD_CHARACTER_SET_CLIENT */;
/*!40101 SET CHARACTER_SET_RESULTS=@OLD_CHARACTER_SET_RESULTS */;
/*!40101 SET COLLATION_CONNECTION=@OLD_COLLATION_CONNECTION */;
